{
    "bank": "banco",
    "invoice": "factura",
    "description": "descripcion",
    "value": "valor",
    "tax": "iva",
    "tax_base": "baseiva",
    "currency": "moneda",
    "type_person": "tipo_persona",
    "doc_type": "tipo_doc",
    "doc_number": "documento",
    "name": "nombres",
    "last_name": "apellidos",
    "email": "email",
    "country": "pais",
    "department": "depto",
    "city": "ciudad",
    "phone": "telefono",
    "cell_phone": "celular",
    "address": "direccion",
    "end_date": "fechaexpiracion",
    "ip": "ip",
    "url_response": "url_respuesta",
    "url_confirmation": "url_confirmacion",
    "method_confirmation": "metodoconfirmacion"

}